{"cameraMode":{"drawMode":0,"name":"Shaded","section":"Shading Mode"},"sceneLighting":false,"audioPlay":false,"sceneViewState":{"showFog":true,"showMaterialUpdate":false,"showSkybox":false,"showFlares":true,"showImageEffects":true,"showParticleSystems":true},"in2DMode":false,"pivot":{"x":-2901.35986328125,"y":1133.4127197265625,"z":-644.962890625},"rotation":{"x":-0.016808759421110154,"y":-0.00390225974842906,"z":0.00006572271377081051,"w":-0.9998525381088257},"size":5738.189453125,"orthographic":false}