{"cameraMode":{"drawMode":0,"name":"Shaded","section":"Shading Mode"},"sceneLighting":true,"audioPlay":false,"sceneViewState":{"showFog":true,"showMaterialUpdate":true,"showSkybox":false,"showFlares":true,"showImageEffects":true,"showParticleSystems":true},"in2DMode":false,"pivot":{"x":-222.6165771484375,"y":126.27884674072266,"z":-53.74041748046875},"rotation":{"x":0.015298445709049702,"y":0.03748222813010216,"z":-0.0005736854509450495,"w":0.9991808533668518},"size":904.3250122070313,"orthographic":false}